{"cameraMode":{"drawMode":0,"name":"Shaded","section":"Shading Mode"},"sceneLighting":false,"audioPlay":false,"sceneViewState":{"showFog":true,"showMaterialUpdate":false,"showSkybox":false,"showFlares":true,"showImageEffects":true,"showParticleSystems":true},"in2DMode":false,"pivot":{"x":-8.3100004196167,"y":-0.17997394502162934,"z":2.018749237060547},"rotation":{"x":-0.20034532248973847,"y":-0.4531653821468353,"z":0.10529892146587372,"w":-0.8622182607650757},"size":0.8660253882408142,"orthographic":false}