{"cameraMode":{"drawMode":0,"name":"Shaded","section":"Shading Mode"},"sceneLighting":false,"audioPlay":false,"sceneViewState":{"showFog":true,"showMaterialUpdate":false,"showSkybox":false,"showFlares":true,"showImageEffects":true,"showParticleSystems":true},"in2DMode":false,"pivot":{"x":34.68873596191406,"y":-7.45549201965332,"z":-26.859773635864259},"rotation":{"x":-0.056163012981414798,"y":-0.7316285967826843,"z":0.0607248954474926,"w":-0.6766712069511414},"size":67.55131530761719,"orthographic":false}