{"cameraMode":{"drawMode":0,"name":"Shaded","section":"Shading Mode"},"sceneLighting":false,"audioPlay":false,"sceneViewState":{"showFog":true,"showMaterialUpdate":false,"showSkybox":false,"showFlares":true,"showImageEffects":true,"showParticleSystems":true},"in2DMode":false,"pivot":{"x":23.678936004638673,"y":25.911609649658204,"z":56.19490051269531},"rotation":{"x":-0.20034532248973847,"y":-0.4531653821468353,"z":0.10529892146587372,"w":-0.8622182607650757},"size":17.823101043701173,"orthographic":false}