{"cameraMode":{"drawMode":0,"name":"Shaded","section":"Shading Mode"},"sceneLighting":false,"audioPlay":false,"sceneViewState":{"showFog":true,"showMaterialUpdate":false,"showSkybox":false,"showFlares":true,"showImageEffects":true,"showParticleSystems":true},"in2DMode":false,"pivot":{"x":1.738987922668457,"y":5.791558265686035,"z":6.6223907470703129},"rotation":{"x":0.014728960581123829,"y":0.9346612095832825,"z":0.03898898512125015,"w":-0.35308948159217837},"size":12.486676216125489,"orthographic":false}