{"cameraMode":{"drawMode":0,"name":"Shaded","section":"Shading Mode"},"sceneLighting":false,"audioPlay":false,"sceneViewState":{"showFog":true,"showMaterialUpdate":false,"showSkybox":false,"showFlares":true,"showImageEffects":true,"showParticleSystems":true},"in2DMode":false,"pivot":{"x":0.03794097900390625,"y":0.23903942108154298,"z":-9.604387283325196},"rotation":{"x":-0.059075579047203067,"y":-0.6535364985466003,"z":0.05128328502178192,"w":-0.7528452277183533},"size":40.343605041503909,"orthographic":false}