{"cameraMode":{"drawMode":0,"name":"Shaded","section":"Shading Mode"},"sceneLighting":false,"audioPlay":false,"sceneViewState":{"showFog":true,"showMaterialUpdate":false,"showSkybox":false,"showFlares":true,"showImageEffects":true,"showParticleSystems":true},"in2DMode":false,"pivot":{"x":-6.850000381469727,"y":9.050000190734864,"z":296.1623229980469},"rotation":{"x":-0.010406230576336384,"y":-0.2704751789569855,"z":0.00292403856292367,"w":-0.9626687169075012},"size":182.06365966796876,"orthographic":false}