{"cameraMode":{"drawMode":0,"name":"Shaded","section":"Shading Mode"},"sceneLighting":false,"audioPlay":false,"sceneViewState":{"showFog":true,"showMaterialUpdate":false,"showSkybox":false,"showFlares":true,"showImageEffects":true,"showParticleSystems":true},"in2DMode":false,"pivot":{"x":-12.941566467285157,"y":0.5190088748931885,"z":-4.512638092041016},"rotation":{"x":-0.04533667117357254,"y":-0.6961047649383545,"z":0.04412877559661865,"w":-0.7151516079902649},"size":9.005982398986817,"orthographic":false}