{"cameraMode":{"drawMode":0,"name":"Shaded","section":"Shading Mode"},"sceneLighting":false,"audioPlay":false,"sceneViewState":{"showFog":true,"showMaterialUpdate":false,"showSkybox":false,"showFlares":true,"showImageEffects":true,"showParticleSystems":true},"in2DMode":false,"pivot":{"x":-2.754818916320801,"y":-0.17997395992279054,"z":2.018749237060547},"rotation":{"x":-0.010406230576336384,"y":-0.2704751789569855,"z":0.00292403856292367,"w":-0.9626687169075012},"size":1.7660253047943116,"orthographic":false}