{"cameraMode":{"drawMode":0,"name":"Shaded","section":"Shading Mode"},"sceneLighting":false,"audioPlay":false,"sceneViewState":{"showFog":true,"showMaterialUpdate":false,"showSkybox":false,"showFlares":true,"showImageEffects":true,"showParticleSystems":true},"in2DMode":false,"pivot":{"x":7.979628562927246,"y":43.725337982177737,"z":49.342132568359378},"rotation":{"x":0.016616258770227433,"y":0.959503173828125,"z":-0.0579376183450222,"w":0.27518337965011599},"size":83.06169891357422,"orthographic":false}