{"cameraMode":{"drawMode":0,"name":"Shaded","section":"Shading Mode"},"sceneLighting":false,"audioPlay":false,"sceneViewState":{"showFog":true,"showMaterialUpdate":false,"showSkybox":false,"showFlares":true,"showImageEffects":true,"showParticleSystems":true},"in2DMode":false,"pivot":{"x":19.111682891845704,"y":-3.6497206687927248,"z":7.71103572845459},"rotation":{"x":-0.05063971132040024,"y":0.7113679647445679,"z":-0.05152871459722519,"w":-0.6990981101989746},"size":6.530165195465088,"orthographic":false}