{"cameraMode":{"drawMode":0,"name":"Shaded","section":"Shading Mode"},"sceneLighting":false,"audioPlay":false,"sceneViewState":{"showFog":true,"showMaterialUpdate":false,"showSkybox":false,"showFlares":true,"showImageEffects":true,"showParticleSystems":true},"in2DMode":false,"pivot":{"x":-5.200735092163086,"y":-0.853803813457489,"z":12.874958038330079},"rotation":{"x":-0.0011691866675391794,"y":0.9986850023269653,"z":-0.04378000646829605,"w":-0.02667020820081234},"size":4.2034382820129398,"orthographic":false}