{"cameraMode":{"drawMode":0,"name":"Shaded","section":"Shading Mode"},"sceneLighting":false,"audioPlay":false,"sceneViewState":{"showFog":true,"showMaterialUpdate":false,"showSkybox":false,"showFlares":true,"showImageEffects":true,"showParticleSystems":true},"in2DMode":false,"pivot":{"x":-2.1479220390319826,"y":0.2003573179244995,"z":3.305208206176758},"rotation":{"x":-0.002742345677688718,"y":0.9965894222259522,"z":-0.07369167357683182,"w":-0.03708917647600174},"size":3.5862274169921877,"orthographic":false}