{"cameraMode":{"drawMode":0,"name":"Shaded","section":"Shading Mode"},"sceneLighting":false,"audioPlay":false,"sceneViewState":{"showFog":true,"showMaterialUpdate":false,"showSkybox":false,"showFlares":true,"showImageEffects":true,"showParticleSystems":true},"in2DMode":false,"pivot":{"x":19.481021881103517,"y":-4.037059307098389,"z":23.591402053833009},"rotation":{"x":-0.07924970984458924,"y":0.9062726497650147,"z":-0.19630271196365357,"w":-0.36586979031562807},"size":0.07792000472545624,"orthographic":false}