{"cameraMode":{"drawMode":0,"name":"Shaded","section":"Shading Mode"},"sceneLighting":false,"audioPlay":false,"sceneViewState":{"showFog":true,"showMaterialUpdate":false,"showSkybox":false,"showFlares":true,"showImageEffects":true,"showParticleSystems":true},"in2DMode":false,"pivot":{"x":0.003671199083328247,"y":0.5881339311599731,"z":0.018154576420783998},"rotation":{"x":0.0009439558489248157,"y":0.9979770183563232,"z":-0.061763133853673938,"w":0.015271234326064587},"size":2.1721770763397219,"orthographic":false}