{"cameraMode":{"drawMode":0,"name":"Shaded","section":"Shading Mode"},"sceneLighting":false,"audioPlay":false,"sceneViewState":{"showFog":true,"showMaterialUpdate":false,"showSkybox":false,"showFlares":true,"showImageEffects":true,"showParticleSystems":true},"in2DMode":false,"pivot":{"x":0.17645001411437989,"y":0.17645001411437989,"z":1.1764500141143799},"rotation":{"x":0.00024628581013530493,"y":0.9992113709449768,"z":-0.039298735558986667,"w":0.006296035833656788},"size":0.07071072608232498,"orthographic":false}