{"cameraMode":{"drawMode":0,"name":"Shaded","section":"Shading Mode"},"sceneLighting":false,"audioPlay":false,"sceneViewState":{"showFog":true,"showMaterialUpdate":false,"showSkybox":false,"showFlares":true,"showImageEffects":true,"showParticleSystems":true},"in2DMode":false,"pivot":{"x":949.2764892578125,"y":808.2506713867188,"z":-15.110284805297852},"rotation":{"x":0.00024628581013530493,"y":0.9992113709449768,"z":-0.039298735558986667,"w":0.006296035833656788},"size":477.36004638671877,"orthographic":false}