{"cameraMode":{"drawMode":0,"name":"Shaded","section":"Shading Mode"},"sceneLighting":false,"audioPlay":false,"sceneViewState":{"showFog":true,"showMaterialUpdate":false,"showSkybox":false,"showFlares":true,"showImageEffects":true,"showParticleSystems":true},"in2DMode":false,"pivot":{"x":-78.0225601196289,"y":-2.56455659866333,"z":22.780731201171876},"rotation":{"x":-0.005195035133510828,"y":0.9587389230728149,"z":-0.017556076869368554,"w":-0.28369903564453127},"size":71.26576232910156,"orthographic":false}