{"cameraMode":{"drawMode":0,"name":"Shaded","section":"Shading Mode"},"sceneLighting":false,"audioPlay":false,"sceneViewState":{"showFog":true,"showMaterialUpdate":false,"showSkybox":false,"showFlares":true,"showImageEffects":true,"showParticleSystems":true},"in2DMode":false,"pivot":{"x":29.757556915283204,"y":13.825260162353516,"z":-0.00000762939453125},"rotation":{"x":-0.005195035133510828,"y":0.9587389230728149,"z":-0.017556076869368554,"w":-0.28369903564453127},"size":12.569014549255371,"orthographic":false}