{"cameraMode":{"drawMode":0,"name":"Shaded","section":"Shading Mode"},"sceneLighting":true,"audioPlay":false,"sceneViewState":{"showFog":true,"showMaterialUpdate":false,"showSkybox":true,"showFlares":true,"showImageEffects":true,"showParticleSystems":true},"in2DMode":false,"pivot":{"x":390.1728210449219,"y":1294.865234375,"z":-74.35693359375},"rotation":{"x":0.00041424413211643696,"y":0.999494731426239,"z":0.01468402799218893,"w":-0.028192216530442239},"size":1367.79833984375,"orthographic":true}